marca,modelo,numSerie,idAvion,anoFabricacion,idAerolinea
Airbus,A380,1,1,2000-01-01,AA
Airbus,A380,2,2,2001-01-01,AA
Airbus,A380,3,3,2002-01-01,AA
Airbus,A380,4,4,2003-01-01,AA
Airbus,A380,5,5,2004-01-01,AA
Airbus,A380,6,6,2005-01-01,BB
Airbus,A380,7,7,2006-01-01,BB
Airbus,A380,8,8,2007-01-01,BB
Airbus,A380,9,9,2008-01-01,BB
Airbus,A380,10,10,2009-01-01,BB
Airbus,A380,11,11,2010-01-01,BB
Airbus,A380,12,12,2011-01-01,CC
Airbus,A350,1,13,2012-01-01,CC
Airbus,A350,2,14,2013-01-01,CC
Airbus,A350,3,15,2014-01-01,CC
Airbus,A350,4,16,2015-01-01,CC
Airbus,A350,5,17,2016-01-01,CC
Airbus,A350,6,18,2000-01-01,CC
Airbus,A350,7,19,2001-01-01,CC
Airbus,A350,8,20,2002-01-01,DD
Airbus,A350,9,21,2003-01-01,DD
Airbus,A350,10,22,2004-01-01,DD
Airbus,A350,11,23,2005-01-01,DD
Airbus,A350,12,24,2006-01-01,DD
Airbus,A350,13,25,2007-01-01,DD
Airbus,A330,1,26,2008-01-01,DD
Airbus,A330,2,27,2009-01-01,DD
Airbus,A330,3,28,2010-01-01,DD
Airbus,A330,4,29,2011-01-01,DD
Airbus,A330,5,30,2012-01-01,EE
Airbus,A330,6,31,2013-01-01,EE
Airbus,A330,7,32,2014-01-01,EE
Airbus,A330,8,33,2015-01-01,EE
Airbus,A330,9,34,2016-01-01,EE
Airbus,A330,10,35,2000-01-01,EE
Airbus,A330,11,36,2001-01-01,EE
Airbus,A330,12,37,2002-01-01,EE
Airbus,A330,13,38,2003-01-01,EE
Airbus,A320,1,39,2004-01-01,EE
Airbus,A320,2,40,2005-01-01,EE
Airbus,A320,3,41,2006-01-01,EE
Airbus,A320,4,42,2007-01-01,EE
Airbus,A320,5,43,2008-01-01,EE
Airbus,A320,6,44,2009-01-01,EE
Airbus,A320,7,45,2010-01-01,FF
Airbus,A320,8,46,2011-01-01,FF
Airbus,A320,9,47,2012-01-01,FF
Airbus,A320,10,48,2013-01-01,FF
Airbus,A320,11,49,2014-01-01,FF
Airbus,A320,12,50,2015-01-01,FF
Airbus,A320,13,51,2016-01-01,FF
Airbus,A319,1,52,2000-01-01,FF
Airbus,A319,2,53,2001-01-01,FF
Airbus,A319,3,54,2002-01-01,FF
Airbus,A319,4,55,2003-01-01,FF
Airbus,A319,5,56,2004-01-01,FF
Airbus,A319,6,57,2005-01-01,FF
Airbus,A319,7,58,2006-01-01,GG
Airbus,A319,8,59,2007-01-01,GG
Airbus,A319,9,60,2008-01-01,GG
Airbus,A319,10,61,2009-01-01,GG
Airbus,A319,11,62,2010-01-01,GG
Airbus,A319,12,63,2011-01-01,GG
Airbus,A319,13,64,2012-01-01,GG
Airbus,A319,14,65,2013-01-01,GG
Airbus,A319,15,66,2014-01-01,GG
Airbus,A319,16,67,2015-01-01,GG
Airbus,A319,17,68,2016-01-01,GG
Airbus,A319,18,69,2000-01-01,GG
Airbus,A318,1,70,2001-01-01,HH
Airbus,A318,2,71,2002-01-01,HH
Airbus,A318,3,72,2003-01-01,HH
Airbus,A318,4,73,2004-01-01,HH
Airbus,A318,5,74,2005-01-01,HH
Airbus,A318,6,75,2006-01-01,HH
Airbus,A318,7,76,2007-01-01,HH
Airbus,A318,8,77,2008-01-01,HH
Airbus,A318,9,78,2009-01-01,HH
Airbus,A318,10,79,2010-01-01,HH
Airbus,A318,11,80,2011-01-01,II
Airbus,A318,12,81,2012-01-01,II
Airbus,A318,13,82,2013-01-01,II
Airbus,A318,14,83,2014-01-01,II
Airbus,A318,15,84,2015-01-01,II
Airbus,A318,16,85,2016-01-01,II
Airbus,A318,17,86,2000-01-01,II
Boeing,707,1,87,2001-01-01,II
Boeing,707,2,88,2002-01-01,II
Boeing,707,3,89,2003-01-01,II
Boeing,707,4,90,2004-01-01,II
Boeing,707,5,91,2005-01-01,II
Boeing,707,6,92,2006-01-01,II
Boeing,707,7,93,2007-01-01,II
Boeing,707,8,94,2008-01-01,JJ
Boeing,707,9,95,2009-01-01,JJ
Boeing,707,10,96,2010-01-01,JJ
Boeing,707,11,97,2011-01-01,JJ
Boeing,707,12,98,2012-01-01,JJ
Boeing,707,13,99,2013-01-01,JJ
Boeing,707,14,100,2014-01-01,JJ
Boeing,707,15,101,2015-01-01,JJ
Boeing,717,1,102,2016-01-01,JJ
Boeing,717,2,103,2000-01-01,JJ
Boeing,717,3,104,2001-01-01,JJ
Boeing,717,4,105,2002-01-01,JJ
Boeing,717,5,106,2003-01-01,KK
Boeing,717,6,107,2004-01-01,KK
Boeing,717,7,108,2005-01-01,KK
Boeing,717,8,109,2006-01-01,KK
Boeing,717,9,110,2007-01-01,KK
Boeing,717,10,111,2008-01-01,KK
Boeing,717,11,112,2009-01-01,KK
Boeing,717,12,113,2010-01-01,KK
Boeing,717,13,114,2011-01-01,KK
Boeing,717,14,115,2012-01-01,KK
Boeing,717,15,116,2013-01-01,KK
Boeing,727,1,117,2014-01-01,LL
Boeing,727,2,118,2015-01-01,LL
Boeing,727,3,119,2016-01-01,LL
Boeing,727,4,120,2000-01-01,LL
Boeing,727,5,121,2001-01-01,LL
Boeing,727,6,122,2002-01-01,LL
Boeing,727,7,123,2003-01-01,LL
Boeing,727,8,124,2004-01-01,LL
Boeing,727,9,125,2005-01-01,LL
Boeing,727,10,126,2006-01-01,LL
Boeing,727,11,127,2007-01-01,LL
Boeing,727,12,128,2008-01-01,LL
Boeing,727,13,129,2009-01-01,MM
Boeing,727,14,130,2010-01-01,MM
Boeing,727,15,131,2011-01-01,MM
Boeing,727,16,132,2012-01-01,MM
Boeing,727,17,133,2013-01-01,MM
Boeing,727,18,134,2014-01-01,MM
Boeing,727,19,135,2015-01-01,MM
Boeing,737 Original,1,136,2016-01-01,MM
Boeing,737 Original,2,137,2000-01-01,MM
Boeing,737 Original,3,138,2001-01-01,MM
Boeing,737 Original,4,139,2002-01-01,MM
Boeing,737 Original,5,140,2003-01-01,MM
Boeing,737 Original,6,141,2004-01-01,MM
Boeing,737 Original,7,142,2005-01-01,MM
Boeing,737 Original,8,143,2006-01-01,MM
Boeing,737 Original,9,144,2007-01-01,NN
Boeing,737 Original,10,145,2008-01-01,NN
Boeing,737 Original,11,146,2009-01-01,NN
Boeing,737 Original,12,147,2010-01-01,NN
Boeing,737 Original,13,148,2011-01-01,NN
Boeing,737 Original,14,149,2012-01-01,NN
Boeing,737 Classic,1,150,2013-01-01,NN
Boeing,737 Classic,2,151,2014-01-01,NN
Boeing,737 Classic,3,152,2015-01-01,NN
Boeing,737 Classic,4,153,2016-01-01,NN
Boeing,737 Classic,5,154,2000-01-01,OO
Boeing,737 Classic,6,155,2001-01-01,OO
Boeing,737 Classic,7,156,2002-01-01,OO
Boeing,737 Classic,8,157,2003-01-01,OO
Boeing,737 Classic,9,158,2004-01-01,OO
Boeing,737 Classic,10,159,2005-01-01,OO
Boeing,737 Classic,11,160,2006-01-01,OO
Boeing,737 Classic,12,161,2007-01-01,OO
Boeing,737 Classic,13,162,2008-01-01,OO
Boeing,737 Classic,14,163,2009-01-01,OO
Boeing,737 Classic,15,164,2010-01-01,OO
Boeing,737 NG,1,165,2011-01-01,OO
Boeing,737 NG,2,166,2012-01-01,PP
Boeing,737 NG,3,167,2013-01-01,PP
Boeing,737 NG,4,168,2014-01-01,PP
Boeing,737 NG,5,169,2015-01-01,PP
Boeing,737 NG,6,170,2016-01-01,PP
Boeing,737 NG,7,171,2000-01-01,PP
Boeing,737 NG,8,172,2001-01-01,PP
Boeing,737 NG,9,173,2002-01-01,PP
Boeing,737 NG,10,174,2003-01-01,PP
Boeing,737 NG,11,175,2004-01-01,PP
Boeing,737 NG,12,176,2005-01-01,PP
Boeing,737 NG,13,177,2006-01-01,PP
Boeing,737 NG,14,178,2007-01-01,PP
Boeing,737 MAX,1,179,2008-01-01,QQ
Boeing,737 MAX,2,180,2009-01-01,QQ
Boeing,737 MAX,3,181,2010-01-01,QQ
Boeing,737 MAX,4,182,2011-01-01,QQ
Boeing,737 MAX,5,183,2012-01-01,QQ
Boeing,737 MAX,6,184,2013-01-01,QQ
Boeing,737 MAX,7,185,2014-01-01,QQ
Boeing,737 MAX,8,186,2015-01-01,QQ
Boeing,737 MAX,9,187,2016-01-01,QQ
Boeing,737 MAX,10,188,2000-01-01,QQ
Boeing,747,1,189,2001-01-01,QQ
Boeing,747,2,190,2002-01-01,QQ
Boeing,747,3,191,2003-01-01,QQ
Boeing,747,4,192,2004-01-01,RR
Boeing,747,5,193,2005-01-01,RR
Boeing,747,6,194,2006-01-01,RR
Boeing,747,7,195,2007-01-01,RR
Boeing,747,8,196,2008-01-01,RR
Boeing,747,9,197,2009-01-01,RR
Boeing,747,10,198,2010-01-01,RR
Boeing,747,11,199,2011-01-01,RR
Boeing,747,12,200,2012-01-01,RR
Boeing,747,13,201,2013-01-01,RR
Boeing,747,14,202,2014-01-01,RR
Boeing,747,15,203,2015-01-01,SS
Boeing,747,16,204,2016-01-01,SS
Boeing,747-8,1,205,2000-01-01,SS
Boeing,747-8,2,206,2001-01-01,SS
Boeing,747-8,3,207,2002-01-01,SS
Boeing,747-8,4,208,2003-01-01,SS
Boeing,747-8,5,209,2004-01-01,SS
Boeing,747-8,6,210,2005-01-01,SS
Boeing,747-8,7,211,2006-01-01,SS
Boeing,747-8,8,212,2007-01-01,SS
Boeing,747-8,9,213,2008-01-01,TT
Boeing,747-8,10,214,2009-01-01,TT
Boeing,747-8,11,215,2010-01-01,TT
Boeing,747-8,12,216,2011-01-01,TT
Boeing,747-8,13,217,2012-01-01,TT
Boeing,757,1,218,2013-01-01,TT
Boeing,757,2,219,2014-01-01,TT
Boeing,757,3,220,2015-01-01,TT
Boeing,757,4,221,2016-01-01,TT
Boeing,757,5,222,2000-01-01,TT
Boeing,757,6,223,2001-01-01,UU
Boeing,757,7,224,2002-01-01,UU
Boeing,757,8,225,2003-01-01,UU
Boeing,757,9,226,2004-01-01,UU
Boeing,757,10,227,2005-01-01,UU
Boeing,757,11,228,2006-01-01,UU
Boeing,757,12,229,2007-01-01,UU
Boeing,757,13,230,2008-01-01,UU
Boeing,757,14,231,2009-01-01,UU
Boeing,757,15,232,2010-01-01,UU
Boeing,757,16,233,2011-01-01,UU
Boeing,757,17,234,2012-01-01,UU
Boeing,757,18,235,2013-01-01,VV
Boeing,757,19,236,2014-01-01,VV
Boeing,767,1,237,2015-01-01,VV
Boeing,767,2,238,2016-01-01,VV
Boeing,767,3,239,2000-01-01,VV
Boeing,767,4,240,2001-01-01,VV
Boeing,767,5,241,2002-01-01,VV
Boeing,767,6,242,2003-01-01,VV
Boeing,767,7,243,2004-01-01,VV
Boeing,767,8,244,2005-01-01,WW
Boeing,767,9,245,2006-01-01,WW
Boeing,767,10,246,2007-01-01,WW
Boeing,767,11,247,2008-01-01,WW
Boeing,767,12,248,2009-01-01,WW
Boeing,767,13,249,2010-01-01,WW
Boeing,767,14,250,2011-01-01,WW
Boeing,767,15,251,2012-01-01,WW
Boeing,767,16,252,2013-01-01,WW
Boeing,777,1,253,2014-01-01,WW
Boeing,777,2,254,2015-01-01,WW
Boeing,777,3,255,2016-01-01,XX
Boeing,777,4,256,2000-01-01,XX
Boeing,777,5,257,2001-01-01,XX
Boeing,777,6,258,2002-01-01,XX
Boeing,777,7,259,2003-01-01,XX
Boeing,777,8,260,2004-01-01,XX
Boeing,777,9,261,2005-01-01,XX
Boeing,777,10,262,2006-01-01,XX
Boeing,777,11,263,2007-01-01,XX
Boeing,777,12,264,2008-01-01,XX
Boeing,777,13,265,2009-01-01,YY
Boeing,777,14,266,2010-01-01,YY
Boeing,777,15,267,2011-01-01,YY
Boeing,777,16,268,2012-01-01,YY
Boeing,777,17,269,2013-01-01,YY
Boeing,777,18,270,2014-01-01,YY
Boeing,777X,1,271,2015-01-01,YY
Boeing,777X,2,272,2016-01-01,YY
Boeing,777X,3,273,2000-01-01,YY
Boeing,777X,4,274,2001-01-01,YY
Boeing,777X,5,275,2002-01-01,YY
Boeing,777X,6,276,2003-01-01,ZZ
Boeing,777X,7,277,2004-01-01,ZZ
Boeing,777X,8,278,2005-01-01,ZZ
Boeing,777X,9,279,2006-01-01,ZZ
Boeing,777X,10,280,2007-01-01,ZZ
Boeing,777X,11,281,2008-01-01,ZZ
Boeing,777X,12,282,2009-01-01,ZZ
Boeing,777X,13,283,2010-01-01,ZZ
Boeing,777X,14,284,2011-01-01,ZZ
Boeing,777X,15,285,2012-01-01,ZZ
Boeing,777X,16,286,2013-01-01,AB
Boeing,777X,17,287,2014-01-01,AB
Boeing,777X,18,288,2015-01-01,AB
Boeing,777X,19,289,2016-01-01,AB
Boeing,777X,20,290,2000-01-01,AB
Boeing,777X,21,291,2001-01-01,AB
Boeing,777X,22,292,2002-01-01,AB
Boeing,787,1,293,2003-01-01,AB
Boeing,787,2,294,2004-01-01,AC
Boeing,787,3,295,2005-01-01,AC
Boeing,787,4,296,2006-01-01,AC
Boeing,787,5,297,2007-01-01,AC
Boeing,787,6,298,2008-01-01,AC
Boeing,787,7,299,2009-01-01,AC
Boeing,787,8,300,2010-01-01,AC
Boeing,787,9,301,2011-01-01,AC
Boeing,787,10,302,2012-01-01,AC
Boeing,787,11,303,2013-01-01,AC
Boeing,787,12,304,2014-01-01,AC
Boeing,787,13,305,2015-01-01,AD
Boeing,787,14,306,2016-01-01,AD
Boeing,787,15,307,2000-01-01,AD
Boeing,787,16,308,2001-01-01,AD
Bombardier,Learjet 40 XR,1,309,2002-01-01,AD
Bombardier,Learjet 40 XR,2,310,2003-01-01,AD
Bombardier,Learjet 40 XR,3,311,2004-01-01,AD
Bombardier,Learjet 40 XR,4,312,2005-01-01,AD
Bombardier,Learjet 40 XR,5,313,2006-01-01,AD
Bombardier,Learjet 40 XR,6,314,2007-01-01,AE
Bombardier,Learjet 40 XR,7,315,2008-01-01,AE
Bombardier,Learjet 40 XR,8,316,2009-01-01,AE
Bombardier,Learjet 40 XR,9,317,2010-01-01,AE
Bombardier,Learjet 40 XR,10,318,2011-01-01,AE
Bombardier,Learjet 40 XR,11,319,2012-01-01,AE
Bombardier,Learjet 40 XR,12,320,2013-01-01,AE
Bombardier,Learjet 40 XR,13,321,2014-01-01,AF
Bombardier,Learjet 40 XR,14,322,2015-01-01,AF
Bombardier,Learjet 40 XR,15,323,2016-01-01,AF
Bombardier,Learjet 40 XR,16,324,2000-01-01,AF
Bombardier,Learjet 45 XR,1,325,2001-01-01,AF
Bombardier,Learjet 45 XR,2,326,2002-01-01,AF
Bombardier,Learjet 45 XR,3,327,2003-01-01,AF
Bombardier,Learjet 45 XR,4,328,2004-01-01,AG
Bombardier,Learjet 45 XR,5,329,2005-01-01,AG
Bombardier,Learjet 45 XR,6,330,2006-01-01,AG
Bombardier,Learjet 45 XR,7,331,2007-01-01,AG
Bombardier,Learjet 45 XR,8,332,2008-01-01,AG
Bombardier,Learjet 45 XR,9,333,2009-01-01,AG
Bombardier,Learjet 45 XR,10,334,2010-01-01,AG
Bombardier,Learjet 45 XR,11,335,2011-01-01,AH
Bombardier,Learjet 45 XR,12,336,2012-01-01,AH
Bombardier,Learjet 45 XR,13,337,2013-01-01,AH
Bombardier,Learjet 70,1,338,2014-01-01,AH
Bombardier,Learjet 70,2,339,2015-01-01,AH
Bombardier,Learjet 70,3,340,2016-01-01,AH
Bombardier,Learjet 70,4,341,2000-01-01,AH
Bombardier,Learjet 70,5,342,2001-01-01,AH
Bombardier,Learjet 70,6,343,2002-01-01,AI
Bombardier,Learjet 70,7,344,2003-01-01,AI
Bombardier,Learjet 70,8,345,2004-01-01,AI
Bombardier,Learjet 70,9,346,2005-01-01,AI
Bombardier,Learjet 70,10,347,2006-01-01,AI
Bombardier,Learjet 70,11,348,2007-01-01,AI
Bombardier,Learjet 70,12,349,2008-01-01,AI
Bombardier,Learjet 70,13,350,2009-01-01,AI
Bombardier,Learjet 70,14,351,2010-01-01,AI
Bombardier,Learjet 70,15,352,2011-01-01,AI
Bombardier,Learjet 75,1,353,2012-01-01,AJ
Bombardier,Learjet 75,2,354,2013-01-01,AJ
Bombardier,Learjet 75,3,355,2014-01-01,AJ
Bombardier,Learjet 75,4,356,2015-01-01,AJ
Bombardier,Learjet 75,5,357,2016-01-01,AJ
Bombardier,Learjet 75,6,358,2000-01-01,AJ
Bombardier,Learjet 75,7,359,2001-01-01,AJ
Bombardier,Learjet 75,8,360,2002-01-01,AJ
Bombardier,Learjet 75,9,361,2003-01-01,AK
Bombardier,Learjet 75,10,362,2004-01-01,AK
Bombardier,Learjet 75,11,363,2005-01-01,AK
Bombardier,Learjet 75,12,364,2006-01-01,AK
Bombardier,Learjet 75,13,365,2007-01-01,AK
Bombardier,Learjet 75,14,366,2008-01-01,AK
Bombardier,Learjet 75,15,367,2009-01-01,AL
Bombardier,Challenger 300,1,368,2010-01-01,AL
Bombardier,Challenger 300,2,369,2011-01-01,AL
Bombardier,Challenger 300,3,370,2012-01-01,AL
Bombardier,Challenger 300,4,371,2013-01-01,AL
Bombardier,Challenger 300,5,372,2014-01-01,AL
Bombardier,Challenger 300,6,373,2015-01-01,AM
Bombardier,Challenger 300,7,374,2016-01-01,AM
Bombardier,Challenger 300,8,375,2000-01-01,AM
Bombardier,Challenger 300,9,376,2001-01-01,AM
Bombardier,Challenger 300,10,377,2002-01-01,AM
Bombardier,Challenger 300,11,378,2003-01-01,AM
Bombardier,Challenger 300,12,379,2004-01-01,AM
Bombardier,Challenger 300,13,380,2005-01-01,AM
Bombardier,Challenger 300,14,381,2006-01-01,AN
Bombardier,Challenger 300,15,382,2007-01-01,AN
Bombardier,Challenger 605,1,383,2008-01-01,AN
Bombardier,Challenger 605,2,384,2009-01-01,AN
Bombardier,Challenger 605,3,385,2010-01-01,AN
Bombardier,Challenger 605,4,386,2011-01-01,AN
Bombardier,Challenger 605,5,387,2012-01-01,AN
Bombardier,Challenger 605,6,388,2013-01-01,AO
Bombardier,Challenger 605,7,389,2014-01-01,AO
Bombardier,Challenger 605,8,390,2015-01-01,AO
Bombardier,Challenger 605,9,391,2016-01-01,AO
Bombardier,Challenger 605,10,392,2000-01-01,AO
Bombardier,Challenger 605,11,393,2001-01-01,AO
Bombardier,Challenger 605,12,394,2002-01-01,AO
Bombardier,Challenger 850,1,395,2003-01-01,AO
Bombardier,Challenger 850,2,396,2004-01-01,AP
Bombardier,Challenger 850,3,397,2005-01-01,AP
Bombardier,Challenger 850,4,398,2006-01-01,AP
Bombardier,Challenger 850,5,399,2007-01-01,AP
Bombardier,Challenger 850,6,400,2008-01-01,AP
Bombardier,Challenger 850,7,401,2009-01-01,AP
Bombardier,Challenger 850,8,402,2010-01-01,AP
Bombardier,Challenger 850,9,403,2011-01-01,AP
Bombardier,Challenger 850,10,404,2012-01-01,AP
Bombardier,Challenger 850,11,405,2013-01-01,AQ
Bombardier,Challenger 850,12,406,2014-01-01,AQ
Bombardier,Challenger 850,13,407,2015-01-01,AQ
Bombardier,Global 5000,1,408,2016-01-01,AQ
Bombardier,Global 5000,2,409,2000-01-01,AQ
Bombardier,Global 5000,3,410,2001-01-01,AQ
Bombardier,Global 5000,4,411,2002-01-01,AQ
Bombardier,Global 5000,5,412,2003-01-01,AQ
Bombardier,Global 5000,6,413,2004-01-01,AQ
Bombardier,Global 5000,7,414,2005-01-01,AR
Bombardier,Global 5000,8,415,2006-01-01,AR
Bombardier,Global 5000,9,416,2007-01-01,AR
Bombardier,Global 5000,10,417,2008-01-01,AR
Bombardier,Global 5000,11,418,2009-01-01,AR
Bombardier,Global 5000,12,419,2010-01-01,AR
Bombardier,Global 5000,13,420,2011-01-01,AR
Bombardier,Global 5000,14,421,2012-01-01,AR
Bombardier,Global 5000,15,422,2013-01-01,AR
Bombardier,Global 6000,1,423,2014-01-01,AS
Bombardier,Global 6000,2,424,2015-01-01,AS
Bombardier,Global 6000,3,425,2016-01-01,AS
Bombardier,Global 6000,4,426,2000-01-01,AS
Bombardier,Global 6000,5,427,2001-01-01,AS
Bombardier,Global 6000,6,428,2002-01-01,AS
Bombardier,Global 6000,7,429,2003-01-01,AS
Bombardier,Global 6000,8,430,2004-01-01,AS
Bombardier,Global 6000,9,431,2005-01-01,AS
Bombardier,Global 6000,10,432,2006-01-01,AT
Bombardier,Global 6000,11,433,2007-01-01,AT
Bombardier,Global 6000,12,434,2008-01-01,AT
Bombardier,Global 6000,13,435,2009-01-01,AT
Bombardier,Global 7000,1,436,2010-01-01,AT
Bombardier,Global 7000,2,437,2011-01-01,AT
Bombardier,Global 7000,3,438,2012-01-01,AT
Bombardier,Global 7000,4,439,2013-01-01,AT
Bombardier,Global 7000,5,440,2014-01-01,AU
Bombardier,Global 7000,6,441,2015-01-01,AU
Bombardier,Global 7000,7,442,2016-01-01,AU
Bombardier,Global 7000,8,443,2000-01-01,AU
Bombardier,Global 7000,9,444,2001-01-01,AU
Bombardier,Global 7000,10,445,2002-01-01,AU
Bombardier,CRJ100,1,446,2003-01-01,AU
Bombardier,CRJ100,2,447,2004-01-01,AV
Bombardier,CRJ100,3,448,2005-01-01,AV
Bombardier,CRJ100,4,449,2006-01-01,AV
Bombardier,CRJ100,5,450,2007-01-01,AV
Bombardier,CRJ100,6,451,2008-01-01,AV
Bombardier,CRJ100,7,452,2009-01-01,AV
Bombardier,CRJ100,8,453,2010-01-01,AV
Bombardier,CRJ100,9,454,2011-01-01,AV
Bombardier,CRJ100,10,455,2012-01-01,AV
Bombardier,CRJ100,11,456,2013-01-01,AW
Bombardier,CRJ100,12,457,2014-01-01,AW
Bombardier,CRJ200,1,458,2015-01-01,AW
Bombardier,CRJ200,2,459,2016-01-01,AW
Bombardier,CRJ200,3,460,2000-01-01,AW
Bombardier,CRJ200,4,461,2001-01-01,AW
Bombardier,CRJ200,5,462,2002-01-01,AW
Bombardier,CRJ200,6,463,2003-01-01,AW
Bombardier,CRJ200,7,464,2004-01-01,AW
Bombardier,CRJ200,8,465,2005-01-01,AX
Bombardier,CRJ200,9,466,2006-01-01,AX
Bombardier,CRJ200,10,467,2007-01-01,AX
Bombardier,CRJ200,11,468,2008-01-01,AX
Bombardier,CRJ700,1,469,2009-01-01,AX
Bombardier,CRJ700,2,470,2010-01-01,AX
Bombardier,CRJ700,3,471,2011-01-01,AX
Bombardier,CRJ700,4,472,2012-01-01,AY
Bombardier,CRJ700,5,473,2013-01-01,AY
Bombardier,CRJ700,6,474,2014-01-01,AY
Bombardier,CRJ700,7,475,2015-01-01,AY
Bombardier,CRJ700,8,476,2016-01-01,AY
Bombardier,CRJ700,9,477,2000-01-01,AY
Bombardier,CRJ700,10,478,2001-01-01,AY
Bombardier,CRJ700,11,479,2002-01-01,AY
Bombardier,CRJ700,12,480,2003-01-01,AZ
Bombardier,CRJ700,13,481,2004-01-01,AZ
Bombardier,CRJ700,14,482,2005-01-01,AZ
Bombardier,CRJ900,1,483,2006-01-01,AZ
Bombardier,CRJ900,2,484,2007-01-01,AZ
Bombardier,CRJ900,3,485,2008-01-01,AZ
Bombardier,CRJ900,4,486,2009-01-01,AZ
Bombardier,CRJ900,5,487,2010-01-01,AZ
Bombardier,CRJ900,6,488,2011-01-01,AZ
Bombardier,CRJ900,7,489,2012-01-01,AZ
Bombardier,CRJ900,8,490,2013-01-01,BA
Bombardier,CRJ900,9,491,2014-01-01,BA
Bombardier,CRJ900,10,492,2015-01-01,BA
Bombardier,CRJ900,11,493,2016-01-01,BA
Bombardier,CRJ900,12,494,2000-01-01,BA
Bombardier,CRJ900,13,495,2001-01-01,BA
Bombardier,CRJ1000,1,496,2002-01-01,BA
Bombardier,CRJ1000,2,497,2003-01-01,BA
Bombardier,CRJ1000,3,498,2004-01-01,BA
Bombardier,CRJ1000,4,499,2005-01-01,BA
Bombardier,CRJ1000,5,500,2006-01-01,BC
Bombardier,CRJ1000,6,501,2007-01-01,BC
Bombardier,CRJ1000,7,502,2008-01-01,BC
Bombardier,CRJ1000,8,503,2009-01-01,BC
Bombardier,CRJ1000,9,504,2010-01-01,BC
Bombardier,CRJ1000,10,505,2011-01-01,BC
Bombardier,CRJ1000,11,506,2012-01-01,BC
Bombardier,CRJ1000,12,507,2013-01-01,BC
Bombardier,CSeries,1,508,2014-01-01,BC
Bombardier,CSeries,2,509,2015-01-01,BC
Bombardier,CSeries,3,510,2016-01-01,BC
Bombardier,CSeries,4,511,2000-01-01,BC
Bombardier,CSeries,5,512,2001-01-01,BC
Bombardier,CSeries,6,513,2002-01-01,BD
Bombardier,CSeries,7,514,2003-01-01,BD
Bombardier,CSeries,8,515,2004-01-01,BD
Bombardier,CSeries,9,516,2005-01-01,BD
Bombardier,CSeries,10,517,2006-01-01,BD
Bombardier,CSeries,11,518,2007-01-01,BD
Bombardier,CSeries,12,519,2008-01-01,BD
Bombardier,CSeries,13,520,2009-01-01,BD
Bombardier,CSeries,14,521,2010-01-01,BD
Bombardier,CSeries,15,522,2011-01-01,BD
Bombardier,CSeries,16,523,2012-01-01,BE
Embraer,EMB 110 Banderiante,1,524,2013-01-01,BE
Embraer,EMB 110 Banderiante,2,525,2014-01-01,BE
Embraer,EMB 110 Banderiante,3,526,2015-01-01,BE
Embraer,EMB 110 Banderiante,4,527,2016-01-01,BE
Embraer,EMB 110 Banderiante,5,528,2000-01-01,BE
Embraer,EMB 110 Banderiante,6,529,2001-01-01,BE
Embraer,EMB 110 Banderiante,7,530,2002-01-01,BE
Embraer,EMB 110 Banderiante,8,531,2003-01-01,BE
Embraer,EMB 110 Banderiante,9,532,2004-01-01,BF
Embraer,EMB 110 Banderiante,10,533,2005-01-01,BF
Embraer,EMB 110 Banderiante,11,534,2006-01-01,BF
Embraer,EMB 110 Banderiante,12,535,2007-01-01,BF
Embraer,EMB 110 Banderiante,13,536,2008-01-01,BF
Embraer,EMB 110 Banderiante,14,537,2009-01-01,BF
Embraer,EMB 120 Brasilia,1,538,2010-01-01,BF
Embraer,EMB 120 Brasilia,2,539,2011-01-01,BF
Embraer,EMB 120 Brasilia,3,540,2012-01-01,BF
Embraer,EMB 120 Brasilia,4,541,2013-01-01,BF
Embraer,EMB 120 Brasilia,5,542,2014-01-01,BG
Embraer,EMB 120 Brasilia,6,543,2015-01-01,BG
Embraer,EMB 120 Brasilia,7,544,2016-01-01,BG
Embraer,EMB 120 Brasilia,8,545,2000-01-01,BG
Embraer,EMB 120 Brasilia,9,546,2001-01-01,BG
Embraer,EMB 120 Brasilia,10,547,2002-01-01,BG
Embraer,EMB 120 Brasilia,11,548,2003-01-01,BG
Embraer,EMB 120 Brasilia,12,549,2004-01-01,BH
Embraer,EMB 120 Brasilia,13,550,2005-01-01,BH
Embraer,Embraer 195-E2,1,551,2006-01-01,BH
Embraer,Embraer 195-E2,2,552,2007-01-01,BH
Embraer,Embraer 195-E2,3,553,2008-01-01,BH
Embraer,Embraer 195-E2,4,554,2009-01-01,BH
Embraer,Embraer 195-E2,5,555,2010-01-01,BI
Embraer,Embraer 195-E2,6,556,2011-01-01,BI
Embraer,Embraer 195-E2,7,557,2012-01-01,BI
Embraer,Embraer 195-E2,8,558,2013-01-01,BI
Embraer,Embraer 195-E2,9,559,2014-01-01,BI
Embraer,Embraer 195-E2,10,560,2015-01-01,BI
Embraer,Embraer 195-E2,11,561,2016-01-01,BJ
Embraer,Embraer 195-E2,12,562,2000-01-01,BJ
Embraer,Embraer 190-E14,1,563,2001-01-01,BJ
Embraer,Embraer 190-E15,2,564,2002-01-01,BJ
Embraer,Embraer 190-E16,3,565,2003-01-01,BJ
Embraer,Embraer 190-E17,4,566,2004-01-01,BJ
Embraer,Embraer 190-E18,5,567,2005-01-01,BJ
Embraer,Embraer 190-E19,6,568,2006-01-01,BJ
Embraer,Embraer 190-E20,7,569,2007-01-01,BJ
Embraer,Embraer 190-E21,8,570,2008-01-01,BJ
Embraer,Embraer 190-E22,9,571,2009-01-01,BK
Embraer,Embraer 190-E23,10,572,2010-01-01,BK
Embraer,Embraer 190-E24,11,573,2011-01-01,BK
Embraer,Embraer 190-E25,12,574,2012-01-01,BK
Embraer,Embraer 190-E26,13,575,2013-01-01,BK
Embraer,Embraer 175-E2,1,576,2014-01-01,BK
Embraer,Embraer 175-E2,2,577,2015-01-01,BK
Embraer,Embraer 175-E2,3,578,2016-01-01,BK
Embraer,Embraer 175-E2,4,579,2000-01-01,BK
Embraer,Embraer 175-E2,5,580,2001-01-01,BL
Embraer,Embraer 175-E2,6,581,2002-01-01,BL
Embraer,Embraer 175-E2,7,582,2003-01-01,BL
Embraer,Embraer 175-E2,8,583,2004-01-01,BL
Embraer,Embraer 175-E2,9,584,2005-01-01,BL
Embraer,Embraer 175-E2,10,585,2006-01-01,BL
Embraer,Embraer 175-E2,11,586,2007-01-01,BL
Embraer,Embraer 175-E2,12,587,2008-01-01,BL
Embraer,Embraer 175-E2,13,588,2009-01-01,BL
Embraer,Embraer 175-E2,14,589,2010-01-01,BL
Embraer,Embraer 175-E2,15,590,2011-01-01,BM
Embraer,Embraer 175-E2,16,591,2012-01-01,BM
Embraer,Embraer ERJ 135,1,592,2013-01-01,BM
Embraer,Embraer ERJ 135,2,593,2014-01-01,BM
Embraer,Embraer ERJ 135,3,594,2015-01-01,BM
Embraer,Embraer ERJ 135,4,595,2016-01-01,BM
Embraer,Embraer ERJ 135,5,596,2000-01-01,BM
Embraer,Embraer ERJ 135,6,597,2001-01-01,BM
Embraer,Embraer ERJ 135,7,598,2002-01-01,BM
Embraer,Embraer ERJ 135,8,599,2003-01-01,BM
Embraer,Embraer ERJ 135,9,600,2004-01-01,BM
Embraer,Embraer ERJ 135,10,601,2005-01-01,BO
Embraer,Embraer ERJ 140,1,602,2006-01-01,BO
Embraer,Embraer ERJ 140,2,603,2007-01-01,BO
Embraer,Embraer ERJ 140,3,604,2008-01-01,BO
Embraer,Embraer ERJ 140,4,605,2009-01-01,BO
Embraer,Embraer ERJ 140,5,606,2010-01-01,BO
Embraer,Embraer ERJ 140,6,607,2011-01-01,BO
Embraer,Embraer ERJ 140,7,608,2012-01-01,BO
Embraer,Embraer ERJ 140,8,609,2013-01-01,BO
Embraer,Embraer ERJ 140,9,610,2014-01-01,BO
Embraer,Embraer ERJ 140,10,611,2015-01-01,BP
Embraer,Embraer ERJ 140,11,612,2016-01-01,BP
Embraer,Embraer ERJ 145,1,613,2000-01-01,BP
Embraer,Embraer ERJ 145,2,614,2001-01-01,BP
Embraer,Embraer ERJ 145,3,615,2002-01-01,BP
Embraer,Embraer ERJ 145,4,616,2003-01-01,BP
Embraer,Embraer ERJ 145,5,617,2004-01-01,BP
Embraer,Embraer ERJ 145,6,618,2005-01-01,BP
Tupoloev,Tu-104 "Camel",1,619,2006-01-01,BP
Tupoloev,Tu-104 "Camel",2,620,2007-01-01,BQ
Tupoloev,Tu-104 "Camel",3,621,2008-01-01,BQ
Tupoloev,Tu-104 "Camel",4,622,2009-01-01,BQ
Tupoloev,Tu-104 "Camel",5,623,2010-01-01,BQ
Tupoloev,Tu-104 "Camel",6,624,2011-01-01,BQ
Tupoloev,Tu-104 "Camel",7,625,2012-01-01,BQ
Tupoloev,Tu-104 "Camel",8,626,2013-01-01,BQ
Tupoloev,Tu-104 "Camel",9,627,2014-01-01,BQ
Tupoloev,Tu-104 "Camel",10,628,2015-01-01,BQ
Tupoloev,Tu-104 "Camel",11,629,2016-01-01,BQ
Tupoloev,Tu-104 "Camel",12,630,2000-01-01,BR
Tupoloev,Tu-104 "Camel",13,631,2001-01-01,BR
Tupoloev,Tu-104 "Camel",14,632,2002-01-01,BR
Tupoloev,Tu-104 "Camel",15,633,2003-01-01,BR
Tupoloev,Tu-104 "Camel",16,634,2004-01-01,BR
Tupoloev,Tu-114 Rossiya "Cleat",1,635,2005-01-01,BR
Tupoloev,Tu-114 Rossiya "Cleat",2,636,2006-01-01,BR
Tupoloev,Tu-114 Rossiya "Cleat",3,637,2007-01-01,BS
Tupoloev,Tu-114 Rossiya "Cleat",4,638,2008-01-01,BS
Tupoloev,Tu-114 Rossiya "Cleat",5,639,2009-01-01,BS
Tupoloev,Tu-114 Rossiya "Cleat",6,640,2010-01-01,BS
Cessna,172,1,641,2011-01-01,BS
Cessna,172,2,642,2012-01-01,BS
Cessna,172,3,643,2013-01-01,BS
Cessna,172,4,644,2014-01-01,BS
Cessna,172,5,645,2015-01-01,BS
Cessna,172,6,646,2016-01-01,BT
Cessna,172,7,647,2000-01-01,BT
Cessna,172,8,648,2001-01-01,BT
Cessna,172,9,649,2002-01-01,BT
Cessna,172,10,650,2003-01-01,BT
Cessna,172,11,651,2004-01-01,BT
Cessna,172,12,652,2005-01-01,BT
Cessna,172,13,653,2006-01-01,BT
Cessna,172,14,654,2007-01-01,BT
Cessna,172,15,655,2008-01-01,BU
Cessna,172,16,656,2009-01-01,BU
Cessna,172,17,657,2010-01-01,BU
Cessna,172,18,658,2011-01-01,BU
Cessna,182,1,659,2012-01-01,BU
Cessna,182,2,660,2013-01-01,BU
Cessna,182,3,661,2014-01-01,BU
Cessna,182,4,662,2015-01-01,BU
Cessna,182,5,663,2016-01-01,BU
Cessna,182,6,664,2000-01-01,BV
Cessna,182,7,665,2001-01-01,BV
Cessna,182,8,666,2002-01-01,BV
Cessna,182,9,667,2003-01-01,BV
Cessna,182,10,668,2004-01-01,BV
Cessna,182,11,669,2005-01-01,BV
Cessna,182,12,670,2006-01-01,BV
Cessna,182,13,671,2007-01-01,BV
Cessna,182,14,672,2008-01-01,BV
Cessna,182,15,673,2009-01-01,BW
Cessna,182,16,674,2010-01-01,BW
Cessna,182,17,675,2011-01-01,BW
Cessna,182,18,676,2012-01-01,BW
Cessna,182,19,677,2013-01-01,BW
Cessna,206,1,678,2014-01-01,BW
Cessna,206,2,679,2015-01-01,BW
Cessna,206,3,680,2016-01-01,BW
Cessna,206,4,681,2000-01-01,BX
Cessna,206,5,682,2001-01-01,BX
Cessna,206,6,683,2002-01-01,BX
Cessna,206,7,684,2003-01-01,BX
Cessna,206,8,685,2004-01-01,BX
Cessna,206,9,686,2005-01-01,BX
Cessna,206,10,687,2006-01-01,BX
Cessna,206,11,688,2007-01-01,BX
Cessna,206,12,689,2008-01-01,BX
Cessna,206,13,690,2009-01-01,BY
Cessna,206,14,691,2010-01-01,BY
Cessna,206,15,692,2011-01-01,BY
Cessna,206,16,693,2012-01-01,BY
Cessna,208,1,694,2013-01-01,BY
Cessna,208,2,695,2014-01-01,BY
Cessna,208,3,696,2015-01-01,BY
Cessna,208,4,697,2016-01-01,BY
Cessna,208,5,698,2000-01-01,BZ
Cessna,208,6,699,2001-01-01,BZ
Cessna,208,7,700,2002-01-01,BZ
Cessna,208,8,701,2003-01-01,BZ
Cessna,208,9,702,2004-01-01,BZ
Cessna,208,10,703,2005-01-01,BZ
Cessna,208,11,704,2006-01-01,BZ
Cessna,208,12,705,2007-01-01,BZ
Cessna,208,13,706,2008-01-01,BZ
Cessna,208,14,707,2009-01-01,CA
Cessna,400,1,708,2010-01-01,CA
Cessna,400,2,709,2011-01-01,CA
Cessna,400,3,710,2012-01-01,CA
Cessna,400,4,711,2013-01-01,CA
Cessna,400,5,712,2014-01-01,CA
Cessna,400,6,713,2015-01-01,CA
Cessna,400,7,714,2016-01-01,CA
Cessna,400,8,715,2000-01-01,CB
Cessna,400,9,716,2001-01-01,CB
Cessna,400,10,717,2002-01-01,CB
Cessna,400,11,718,2003-01-01,CB
Cessna,400,12,719,2004-01-01,CB
Cessna,400,13,720,2005-01-01,CB
Cessna,400,14,721,2006-01-01,CB
Cessna,400,15,722,2007-01-01,CB
Cessna,510,1,723,2008-01-01,CB
Cessna,510,2,724,2009-01-01,CD
Cessna,510,3,725,2010-01-01,CD
Cessna,510,4,726,2011-01-01,CD
Cessna,510,5,727,2012-01-01,CD
Cessna,510,6,728,2013-01-01,CD
Cessna,510,7,729,2014-01-01,CD
Cessna,510,8,730,2015-01-01,CD
Cessna,510,9,731,2016-01-01,CD
Cessna,510,10,732,2000-01-01,CD
Cessna,510,11,733,2001-01-01,CD
Cessna,510,12,734,2002-01-01,CD
Cessna,525,1,735,2003-01-01,CE
Cessna,525,2,736,2004-01-01,CE
Cessna,525,3,737,2005-01-01,CE
Cessna,525,4,738,2006-01-01,CE
Cessna,525,5,739,2007-01-01,CE
Cessna,525,6,740,2008-01-01,CE
Cessna,525,7,741,2009-01-01,CE
Cessna,525,8,742,2010-01-01,CF
Cessna,525,9,743,2011-01-01,CF
Cessna,525,10,744,2012-01-01,CF
Cessna,525,11,745,2013-01-01,CF
Cessna,525,12,746,2014-01-01,CF
Cessna,525,13,747,2015-01-01,CF
Cessna,525,14,748,2016-01-01,CF
Cessna,560XL,1,749,2000-01-01,CG
Cessna,560XL,2,750,2001-01-01,CG
Cessna,560XL,3,751,2002-01-01,CG
Cessna,560XL,4,752,2003-01-01,CG
Cessna,560XL,5,753,2004-01-01,CG
Cessna,560XL,6,754,2005-01-01,CG
Cessna,560XL,7,755,2006-01-01,CG
Cessna,560XL,8,756,2007-01-01,CH
Cessna,560XL,9,757,2008-01-01,CH
Cessna,560XL,10,758,2009-01-01,CH
Cessna,560XL,11,759,2010-01-01,CH
Cessna,560XL,12,760,2011-01-01,CH
Cessna,560XL,13,761,2012-01-01,CH
Cessna,560XL,14,762,2013-01-01,CH
Cessna,680,1,763,2014-01-01,CI
Cessna,680,2,764,2015-01-01,CI
Cessna,680,3,765,2016-01-01,CI
Cessna,680,4,766,2000-01-01,CI
Cessna,680,5,767,2001-01-01,CI
Cessna,680,6,768,2002-01-01,CI
Cessna,680,7,769,2003-01-01,CI
Cessna,680,8,770,2004-01-01,CJ
Cessna,680,9,771,2005-01-01,CJ
Cessna,680,10,772,2006-01-01,CJ
Cessna,680,11,773,2007-01-01,CJ
Cessna,680,12,774,2008-01-01,CJ
Cessna,680,13,775,2009-01-01,CJ
Cessna,680,14,776,2010-01-01,CJ
Cessna,750,1,777,2011-01-01,CJ
Cessna,750,2,778,2012-01-01,CK
Cessna,750,3,779,2013-01-01,CK
Cessna,750,4,780,2014-01-01,CK
Cessna,750,5,781,2015-01-01,CK
Cessna,750,6,782,2016-01-01,CK
Cessna,750,7,783,2000-01-01,CK
Cessna,750,8,784,2001-01-01,CK
Cessna,750,9,785,2002-01-01,CK
Cessna,750,10,786,2003-01-01,CL
Airbus,A380,1,787,2004-01-01,CL
Airbus,A380,2,788,2005-01-01,CL
Airbus,A380,3,789,2006-01-01,CL
Airbus,A380,4,790,2007-01-01,CL
Airbus,A380,5,791,2008-01-01,CL
Airbus,A380,6,792,2009-01-01,CL
Airbus,A380,7,793,2010-01-01,CL
Airbus,A380,8,794,2011-01-01,CL
Airbus,A380,9,795,2012-01-01,CM
Airbus,A380,10,796,2013-01-01,CM
Airbus,A380,11,797,2014-01-01,CM
Airbus,A380,12,798,2015-01-01,CM
Airbus,A350,1,799,2016-01-01,CM
Airbus,A350,2,800,2000-01-01,CM
Airbus,A350,3,801,2001-01-01,CM
Airbus,A350,4,802,2002-01-01,CM
Airbus,A350,5,803,2003-01-01,CM
Airbus,A350,6,804,2004-01-01,CM
Airbus,A350,7,805,2005-01-01,CM
Airbus,A350,8,806,2006-01-01,CM
Airbus,A350,9,807,2007-01-01,CL
Airbus,A350,10,808,2008-01-01,CL
Airbus,A350,11,809,2009-01-01,CL
Airbus,A350,12,810,2010-01-01,CL
Airbus,A350,13,811,2011-01-01,CL
Airbus,A330,1,812,2012-01-01,CL
Airbus,A330,2,813,2013-01-01,CL
Airbus,A330,3,814,2014-01-01,CL
Airbus,A330,4,815,2015-01-01,CN
Airbus,A330,5,816,2016-01-01,CN
Airbus,A330,6,817,2000-01-01,CN
Airbus,A330,7,818,2001-01-01,CN
Airbus,A330,8,819,2002-01-01,CN
Airbus,A330,9,820,2003-01-01,CN
Airbus,A330,10,821,2004-01-01,CN
Airbus,A330,11,822,2005-01-01,CO
Airbus,A330,12,823,2006-01-01,CO
Airbus,A330,13,824,2007-01-01,CO
Airbus,A320,1,825,2008-01-01,CO
Airbus,A320,2,826,2009-01-01,CO
Airbus,A320,3,827,2010-01-01,CO
Airbus,A320,4,828,2011-01-01,CO
Airbus,A320,5,829,2012-01-01,CO
Airbus,A320,6,830,2013-01-01,CO
Airbus,A320,7,831,2014-01-01,CP
Airbus,A320,8,832,2015-01-01,CP
Airbus,A320,9,833,2016-01-01,CP
Airbus,A320,10,834,2000-01-01,CP
Airbus,A320,11,835,2001-01-01,CP
Airbus,A320,12,836,2002-01-01,CP
Airbus,A320,13,837,2003-01-01,CP
Airbus,A319,1,838,2004-01-01,CQ
Airbus,A319,2,839,2005-01-01,CQ
Airbus,A319,3,840,2006-01-01,CQ
Airbus,A319,4,841,2007-01-01,CQ
Airbus,A319,5,842,2008-01-01,CQ
Airbus,A319,6,843,2009-01-01,CQ
Airbus,A319,7,844,2010-01-01,CQ
Airbus,A319,8,845,2011-01-01,CR
Airbus,A319,9,846,2012-01-01,CR
Airbus,A319,10,847,2013-01-01,CR
Airbus,A319,11,848,2014-01-01,CR
Airbus,A319,12,849,2015-01-01,CR
Airbus,A319,13,850,2016-01-01,CR
Airbus,A319,14,851,2000-01-01,CR
Airbus,A319,15,852,2001-01-01,CR
Airbus,A319,16,853,2002-01-01,CR
Airbus,A319,17,854,2003-01-01,CR
Airbus,A319,18,855,2004-01-01,CR
Airbus,A318,1,856,2005-01-01,CS
Airbus,A318,2,857,2006-01-01,CS
Airbus,A318,3,858,2007-01-01,CS
Airbus,A318,4,859,2008-01-01,CS
Airbus,A318,5,860,2009-01-01,CS
Airbus,A318,6,861,2010-01-01,CS
Airbus,A318,7,862,2011-01-01,CS
Airbus,A318,8,863,2012-01-01,CS
Airbus,A318,9,864,2013-01-01,CS
Airbus,A318,10,865,2014-01-01,CT
Airbus,A318,11,866,2015-01-01,CT
Airbus,A318,12,867,2016-01-01,CT
Airbus,A318,13,868,2000-01-01,CT
Airbus,A318,14,869,2001-01-01,CU
Airbus,A318,15,870,2002-01-01,CU
Airbus,A318,16,871,2003-01-01,CU
Airbus,A318,17,872,2004-01-01,CU
Boeing,707,1,873,2005-01-01,CU
Boeing,707,2,874,2006-01-01,CU
Boeing,707,3,875,2007-01-01,CV
Boeing,707,4,876,2008-01-01,CV
Boeing,707,5,877,2009-01-01,CV
Boeing,707,6,878,2010-01-01,CV
Boeing,707,7,879,2011-01-01,CV
Boeing,707,8,880,2012-01-01,CV
Boeing,707,9,881,2013-01-01,CV
Boeing,707,10,882,2014-01-01,CW
Boeing,707,11,883,2015-01-01,CW
Boeing,707,12,884,2016-01-01,CW
Boeing,707,13,885,2000-01-01,CW
Boeing,707,14,886,2001-01-01,CW
Boeing,707,15,887,2002-01-01,CW
Boeing,717,1,888,2003-01-01,CW
Boeing,717,2,889,2004-01-01,CW
Boeing,717,3,890,2005-01-01,CX
Boeing,717,4,891,2006-01-01,CX
Boeing,717,5,892,2007-01-01,CX
Boeing,717,6,893,2008-01-01,CX
Boeing,717,7,894,2009-01-01,CX
Boeing,717,8,895,2010-01-01,CX
Boeing,717,9,896,2011-01-01,CY
Boeing,717,10,897,2012-01-01,CY
Boeing,717,11,898,2013-01-01,CY
Boeing,717,12,899,2014-01-01,CY
Boeing,717,13,900,2015-01-01,CY
Boeing,717,14,901,2016-01-01,CZ
Boeing,717,15,902,2000-01-01,CZ
Boeing,727,1,903,2001-01-01,CZ
Boeing,727,2,904,2002-01-01,CZ
Boeing,727,3,905,2003-01-01,CZ
Boeing,727,4,906,2004-01-01,CZ
Boeing,727,5,907,2005-01-01,CZ
Boeing,727,6,908,2006-01-01,CZ
Boeing,727,7,909,2007-01-01,CZ
Boeing,727,8,910,2008-01-01,DA
Boeing,727,9,911,2009-01-01,DA
Boeing,727,10,912,2010-01-01,DA
Boeing,727,11,913,2011-01-01,DA
Boeing,727,12,914,2012-01-01,DA
Boeing,727,13,915,2013-01-01,DA
Boeing,727,14,916,2014-01-01,DA
Boeing,727,15,917,2015-01-01,DA
Boeing,727,16,918,2016-01-01,DA
Boeing,727,17,919,2000-01-01,DA
Boeing,727,18,920,2001-01-01,DA
Boeing,727,19,921,2002-01-01,DA
Boeing,737 Original,1,922,2003-01-01,DA
Boeing,737 Original,2,923,2004-01-01,DA
Boeing,737 Original,3,924,2005-01-01,DA
Boeing,737 Original,4,925,2006-01-01,DB
Boeing,737 Original,5,926,2007-01-01,DB
Boeing,737 Original,6,927,2008-01-01,DB
Boeing,737 Original,7,928,2009-01-01,DB
Boeing,737 Original,8,929,2010-01-01,DB
Boeing,737 Original,9,930,2011-01-01,DB
Boeing,737 Original,10,931,2012-01-01,DB
Boeing,737 Original,11,932,2013-01-01,DB
Boeing,737 Original,12,933,2014-01-01,DB
Boeing,737 Original,13,934,2015-01-01,DB
Boeing,737 Original,14,935,2016-01-01,DB
Boeing,737 Classic,1,936,2000-01-01,DB
Boeing,737 Classic,2,937,2001-01-01,DB
Boeing,737 Classic,3,938,2002-01-01,DB
Boeing,737 Classic,4,939,2003-01-01,DB
Boeing,737 Classic,5,940,2004-01-01,DB
Boeing,737 Classic,6,941,2005-01-01,DC
Boeing,737 Classic,7,942,2006-01-01,DC
Boeing,737 Classic,8,943,2007-01-01,DC
Boeing,737 Classic,9,944,2008-01-01,DC
Boeing,737 Classic,10,945,2009-01-01,DC
Boeing,737 Classic,11,946,2010-01-01,DC
Boeing,737 Classic,12,947,2011-01-01,DC
Boeing,737 Classic,13,948,2012-01-01,DC
Boeing,737 Classic,14,949,2013-01-01,DC
Boeing,737 Classic,15,950,2014-01-01,DC
Boeing,737 NG,1,951,2015-01-01,DC
Boeing,737 NG,2,952,2016-01-01,DC
Boeing,737 NG,3,953,2000-01-01,DC
Boeing,737 NG,4,954,2001-01-01,DC
Boeing,737 NG,5,955,2002-01-01,DC
Boeing,737 NG,6,956,2003-01-01,DE
Boeing,737 NG,7,957,2004-01-01,DE
Boeing,737 NG,8,958,2005-01-01,DE
Boeing,737 NG,9,959,2006-01-01,DE
Boeing,737 NG,10,960,2007-01-01,DE
Boeing,737 NG,11,961,2008-01-01,DE
Boeing,737 NG,12,962,2009-01-01,DE
Boeing,737 NG,13,963,2010-01-01,DE
Boeing,737 NG,14,964,2011-01-01,DE
Boeing,737 MAX,1,965,2012-01-01,DE
Boeing,737 MAX,2,966,2013-01-01,DE
Boeing,737 MAX,3,967,2014-01-01,DE
Boeing,737 MAX,4,968,2015-01-01,DE
Boeing,737 MAX,5,969,2016-01-01,DE
Boeing,737 MAX,6,970,2000-01-01,DE
Boeing,737 MAX,7,971,2001-01-01,DF
Boeing,737 MAX,8,972,2002-01-01,DF
Boeing,737 MAX,9,973,2003-01-01,DF
Boeing,737 MAX,10,974,2004-01-01,DF
Boeing,747,1,975,2005-01-01,DF
Boeing,747,2,976,2006-01-01,DF
Boeing,747,3,977,2007-01-01,DF
Boeing,747,4,978,2008-01-01,DF
Boeing,747,5,979,2009-01-01,DF
Boeing,747,6,980,2010-01-01,DF
Boeing,747,7,981,2011-01-01,DF
Boeing,747,8,982,2012-01-01,DF
Boeing,747,9,983,2013-01-01,DF
Boeing,747,10,984,2014-01-01,DF
Boeing,747,11,985,2015-01-01,DF
Boeing,747,12,986,2016-01-01,DF
Boeing,747,13,987,2000-01-01,DF
Boeing,747,14,988,2001-01-01,DF
Boeing,747,15,989,2002-01-01,DF
Boeing,747,16,990,2003-01-01,DF
Boeing,747-8,1,991,2004-01-01,DF
Boeing,747-8,2,992,2005-01-01,DG
Boeing,747-8,3,993,2006-01-01,DG
Boeing,747-8,4,994,2007-01-01,DG
Boeing,747-8,5,995,2008-01-01,DG
Boeing,747-8,6,996,2009-01-01,DG
Boeing,747-8,7,997,2010-01-01,DG
Boeing,747-8,8,998,2011-01-01,DG
Boeing,747-8,9,999,2012-01-01,DG
Boeing,747-8,10,1000,2013-01-01,DG
Boeing,747-8,11,1001,2014-01-01,DG
Boeing,747-8,12,1002,2015-01-01,DG
Boeing,747-8,13,1003,2016-01-01,DG
Boeing,757,1,1004,2000-01-01,DG
Boeing,757,2,1005,2001-01-01,DG
Boeing,757,3,1006,2002-01-01,DG
Boeing,757,4,1007,2003-01-01,DG
Boeing,757,5,1008,2004-01-01,DG
Boeing,757,6,1009,2005-01-01,DG
Boeing,757,7,1010,2006-01-01,DH
Boeing,757,8,1011,2007-01-01,DH
Boeing,757,9,1012,2008-01-01,DH
Boeing,757,10,1013,2009-01-01,DH
Boeing,757,11,1014,2010-01-01,DH
Boeing,757,12,1015,2011-01-01,DH
Boeing,757,13,1016,2012-01-01,DH
Boeing,757,14,1017,2013-01-01,DH
Boeing,757,15,1018,2014-01-01,DH
Boeing,757,16,1019,2015-01-01,DH
Boeing,757,17,1020,2016-01-01,DH
Boeing,757,18,1021,2000-01-01,DH
Boeing,757,19,1022,2001-01-01,DH
Boeing,767,1,1023,2002-01-01,DH
Boeing,767,2,1024,2003-01-01,DH
Boeing,767,3,1025,2004-01-01,DH
Boeing,767,4,1026,2005-01-01,DH
Boeing,767,5,1027,2006-01-01,DI
Boeing,767,6,1028,2007-01-01,DI
Boeing,767,7,1029,2008-01-01,DI
Boeing,767,8,1030,2009-01-01,DI
Boeing,767,9,1031,2010-01-01,DI
Boeing,767,10,1032,2011-01-01,DI
Boeing,767,11,1033,2012-01-01,DI
Boeing,767,12,1034,2013-01-01,DI
Boeing,767,13,1035,2014-01-01,DI
Boeing,767,14,1036,2015-01-01,DI
Boeing,767,15,1037,2016-01-01,DJ
Boeing,767,16,1038,2000-01-01,DJ
Boeing,777,1,1039,2001-01-01,DJ
Boeing,777,2,1040,2002-01-01,DJ
Boeing,777,3,1041,2003-01-01,DJ
Boeing,777,4,1042,2004-01-01,DJ
Boeing,777,5,1043,2005-01-01,DJ
Boeing,777,6,1044,2006-01-01,DJ
Boeing,777,7,1045,2007-01-01,DJ
Boeing,777,8,1046,2008-01-01,DJ
Boeing,777,9,1047,2009-01-01,DJ
Boeing,777,10,1048,2010-01-01,DJ
Boeing,777,11,1049,2011-01-01,DK
Boeing,777,12,1050,2012-01-01,DK
Boeing,777,13,1051,2013-01-01,DK
Boeing,777,14,1052,2014-01-01,DK
Boeing,777,15,1053,2015-01-01,DK
Boeing,777,16,1054,2016-01-01,DK
Boeing,777,17,1055,2000-01-01,DK
Boeing,777,18,1056,2001-01-01,DK
Boeing,777X,1,1057,2002-01-01,DL
Boeing,777X,2,1058,2003-01-01,DL
Boeing,777X,3,1059,2004-01-01,DL
Boeing,777X,4,1060,2005-01-01,DL
Boeing,777X,5,1061,2006-01-01,DL
Boeing,777X,6,1062,2007-01-01,DM
Boeing,777X,7,1063,2008-01-01,DM
Boeing,777X,8,1064,2009-01-01,DM
Boeing,777X,9,1065,2010-01-01,DM
Boeing,777X,10,1066,2011-01-01,DM
Boeing,777X,11,1067,2012-01-01,DM
Boeing,777X,12,1068,2013-01-01,DM
Boeing,777X,13,1069,2014-01-01,DM
Boeing,777X,14,1070,2015-01-01,DN
Boeing,777X,15,1071,2016-01-01,DN
Boeing,777X,16,1072,2000-01-01,DN
Boeing,777X,17,1073,2001-01-01,DN
Boeing,777X,18,1074,2002-01-01,DN
Boeing,777X,19,1075,2003-01-01,DN
Boeing,777X,20,1076,2004-01-01,DO
Boeing,777X,21,1077,2005-01-01,DO
Boeing,777X,22,1078,2006-01-01,DO
Boeing,787,1,1079,2007-01-01,DO
Boeing,787,2,1080,2008-01-01,DO
Boeing,787,3,1081,2009-01-01,DO
Boeing,787,4,1082,2010-01-01,DO
Boeing,787,5,1083,2011-01-01,DO
Boeing,787,6,1084,2012-01-01,DO
Boeing,787,7,1085,2013-01-01,DP
Boeing,787,8,1086,2014-01-01,DP
Boeing,787,9,1087,2015-01-01,DP
Boeing,787,10,1088,2016-01-01,DP
Boeing,787,11,1089,2000-01-01,DR
Boeing,787,12,1090,2001-01-01,DR
Boeing,787,13,1091,2002-01-01,DR
Boeing,787,14,1092,2003-01-01,DR
Boeing,787,15,1093,2004-01-01,DR
Boeing,787,16,1094,2005-01-01,DR
Bombardier,Learjet 40 XR,1,1095,2006-01-01,DR
Bombardier,Learjet 40 XR,2,1096,2007-01-01,DR
Bombardier,Learjet 40 XR,3,1097,2008-01-01,DR
Bombardier,Learjet 40 XR,4,1098,2009-01-01,DR
Bombardier,Learjet 40 XR,5,1099,2010-01-01,DR
Bombardier,Learjet 40 XR,6,1100,2011-01-01,DS
Bombardier,Learjet 40 XR,7,1101,2012-01-01,DS
Bombardier,Learjet 40 XR,8,1102,2013-01-01,DS
Bombardier,Learjet 40 XR,9,1103,2014-01-01,DS
Bombardier,Learjet 40 XR,10,1104,2015-01-01,DS
Bombardier,Learjet 40 XR,11,1105,2016-01-01,DS
Bombardier,Learjet 40 XR,12,1106,2000-01-01,DS
Bombardier,Learjet 40 XR,13,1107,2001-01-01,DS
Bombardier,Learjet 40 XR,14,1108,2002-01-01,DS
Bombardier,Learjet 40 XR,15,1109,2003-01-01,DS
Bombardier,Learjet 40 XR,16,1110,2004-01-01,DS
Bombardier,Learjet 45 XR,1,1111,2005-01-01,DS
Bombardier,Learjet 45 XR,2,1112,2006-01-01,DS
Bombardier,Learjet 45 XR,3,1113,2007-01-01,DT
Bombardier,Learjet 45 XR,4,1114,2008-01-01,DT
Bombardier,Learjet 45 XR,5,1115,2009-01-01,DT
Bombardier,Learjet 45 XR,6,1116,2010-01-01,DT
Bombardier,Learjet 45 XR,7,1117,2011-01-01,DT
Bombardier,Learjet 45 XR,8,1118,2012-01-01,DT
Bombardier,Learjet 45 XR,9,1119,2013-01-01,DT
Bombardier,Learjet 45 XR,10,1120,2014-01-01,DT
Bombardier,Learjet 45 XR,11,1121,2015-01-01,DT
Bombardier,Learjet 45 XR,12,1122,2016-01-01,DT
Bombardier,Learjet 45 XR,13,1123,2000-01-01,DT
Bombardier,Learjet 70,1,1124,2001-01-01,DT
Bombardier,Learjet 70,2,1125,2002-01-01,DT
Bombardier,Learjet 70,3,1126,2003-01-01,DU
Bombardier,Learjet 70,4,1127,2004-01-01,DU
Bombardier,Learjet 70,5,1128,2005-01-01,DU
Bombardier,Learjet 70,6,1129,2006-01-01,DU
Bombardier,Learjet 70,7,1130,2007-01-01,DU
Bombardier,Learjet 70,8,1131,2008-01-01,DU
Bombardier,Learjet 70,9,1132,2009-01-01,DU
Bombardier,Learjet 70,10,1133,2010-01-01,DU
Bombardier,Learjet 70,11,1134,2011-01-01,DU
Bombardier,Learjet 70,12,1135,2012-01-01,DU
Bombardier,Learjet 70,13,1136,2013-01-01,DU
Bombardier,Learjet 70,14,1137,2014-01-01,DU
Bombardier,Learjet 70,15,1138,2015-01-01,DV
Bombardier,Learjet 75,1,1139,2016-01-01,DV
Bombardier,Learjet 75,2,1140,2000-01-01,DV
Bombardier,Learjet 75,3,1141,2001-01-01,DV
Bombardier,Learjet 75,4,1142,2002-01-01,DV
Bombardier,Learjet 75,5,1143,2003-01-01,DV
Bombardier,Learjet 75,6,1144,2004-01-01,DV
Bombardier,Learjet 75,7,1145,2005-01-01,DV
Bombardier,Learjet 75,8,1146,2006-01-01,DV
Bombardier,Learjet 75,9,1147,2007-01-01,DV
Bombardier,Learjet 75,10,1148,2008-01-01,DV
Bombardier,Learjet 75,11,1149,2009-01-01,DW
Bombardier,Learjet 75,12,1150,2010-01-01,DW
Bombardier,Learjet 75,13,1151,2011-01-01,DW
Bombardier,Learjet 75,14,1152,2012-01-01,DW
Bombardier,Learjet 75,15,1153,2013-01-01,DW
Bombardier,Challenger 300,1,1154,2014-01-01,DW
Bombardier,Challenger 300,2,1155,2015-01-01,DW
Bombardier,Challenger 300,3,1156,2016-01-01,DW
Bombardier,Challenger 300,4,1157,2000-01-01,DW
Bombardier,Challenger 300,5,1158,2001-01-01,DW
Bombardier,Challenger 300,6,1159,2002-01-01,DX
Bombardier,Challenger 300,7,1160,2003-01-01,DX
Bombardier,Challenger 300,8,1161,2004-01-01,DX
Bombardier,Challenger 300,9,1162,2005-01-01,DX
Bombardier,Challenger 300,10,1163,2006-01-01,DX
Bombardier,Challenger 300,11,1164,2007-01-01,DX
Bombardier,Challenger 300,12,1165,2008-01-01,DX
Bombardier,Challenger 300,13,1166,2009-01-01,DX
Bombardier,Challenger 300,14,1167,2010-01-01,DX
Bombardier,Challenger 300,15,1168,2011-01-01,DX
Bombardier,Challenger 605,1,1169,2012-01-01,DX
Bombardier,Challenger 605,2,1170,2013-01-01,DY
Bombardier,Challenger 605,3,1171,2014-01-01,DY
Bombardier,Challenger 605,4,1172,2015-01-01,DY
Bombardier,Challenger 605,5,1173,2016-01-01,DY
Bombardier,Challenger 605,6,1174,2000-01-01,DY
Bombardier,Challenger 605,7,1175,2001-01-01,DY
Bombardier,Challenger 605,8,1176,2002-01-01,DY
Bombardier,Challenger 605,9,1177,2003-01-01,DY
Bombardier,Challenger 605,10,1178,2004-01-01,DY
Bombardier,Challenger 605,11,1179,2005-01-01,DY
Bombardier,Challenger 605,12,1180,2006-01-01,DZ
Bombardier,Challenger 850,1,1181,2007-01-01,DZ
Bombardier,Challenger 850,2,1182,2008-01-01,DZ
Bombardier,Challenger 850,3,1183,2009-01-01,DZ
Bombardier,Challenger 850,4,1184,2010-01-01,DZ
Bombardier,Challenger 850,5,1185,2011-01-01,DZ
Bombardier,Challenger 850,6,1186,2012-01-01,DZ
Bombardier,Challenger 850,7,1187,2013-01-01,DZ
Bombardier,Challenger 850,8,1188,2014-01-01,DZ
Bombardier,Challenger 850,9,1189,2015-01-01,DZ
Bombardier,Challenger 850,10,1190,2016-01-01,DZ
Bombardier,Challenger 850,11,1191,2000-01-01,DZ
Bombardier,Challenger 850,12,1192,2001-01-01,DZ
Bombardier,Challenger 850,13,1193,2002-01-01,DZ
Bombardier,Global 5000,1,1194,2003-01-01,DZ
Bombardier,Global 5000,2,1195,2004-01-01,DZ
Bombardier,Global 5000,3,1196,2005-01-01,DZ
Bombardier,Global 5000,4,1197,2006-01-01,DZ
Bombardier,Global 5000,5,1198,2007-01-01,DZ
Bombardier,Global 5000,6,1199,2008-01-01,DZ
Bombardier,Global 5000,7,1200,2009-01-01,DZ
Bombardier,Global 5000,8,1201,2010-01-01,DZ
Bombardier,Global 5000,9,1202,2011-01-01,DZ
Bombardier,Global 5000,10,1203,2012-01-01,DZ
Bombardier,Global 5000,11,1204,2013-01-01,DZ
Bombardier,Global 5000,12,1205,2014-01-01,DZ
Bombardier,Global 5000,13,1206,2015-01-01,EA
Bombardier,Global 5000,14,1207,2016-01-01,EA
Bombardier,Global 5000,15,1208,2000-01-01,EA
Bombardier,Global 6000,1,1209,2001-01-01,EA
Bombardier,Global 6000,2,1210,2002-01-01,EA
Bombardier,Global 6000,3,1211,2003-01-01,EA
Bombardier,Global 6000,4,1212,2004-01-01,EA
Bombardier,Global 6000,5,1213,2005-01-01,EA
Bombardier,Global 6000,6,1214,2006-01-01,EA
Bombardier,Global 6000,7,1215,2007-01-01,EB
Bombardier,Global 6000,8,1216,2008-01-01,EB
Bombardier,Global 6000,9,1217,2009-01-01,EB
Bombardier,Global 6000,10,1218,2010-01-01,EB
Bombardier,Global 6000,11,1219,2011-01-01,EB
Bombardier,Global 6000,12,1220,2012-01-01,EB
Bombardier,Global 6000,13,1221,2013-01-01,EB
Bombardier,Global 7000,1,1222,2014-01-01,EB
Bombardier,Global 7000,2,1223,2015-01-01,EB
Bombardier,Global 7000,3,1224,2016-01-01,EB
Bombardier,Global 7000,4,1225,2000-01-01,EB
Bombardier,Global 7000,5,1226,2001-01-01,EC
Bombardier,Global 7000,6,1227,2002-01-01,EC
Bombardier,Global 7000,7,1228,2003-01-01,EC
Bombardier,Global 7000,8,1229,2004-01-01,EC
Bombardier,Global 7000,9,1230,2005-01-01,EC
Bombardier,Global 7000,10,1231,2006-01-01,EC
Bombardier,CRJ100,1,1232,2007-01-01,EC
Bombardier,CRJ100,2,1233,2008-01-01,EC
Bombardier,CRJ100,3,1234,2009-01-01,EC
Bombardier,CRJ100,4,1235,2010-01-01,EC
Bombardier,CRJ100,5,1236,2011-01-01,ED
Bombardier,CRJ100,6,1237,2012-01-01,ED
Bombardier,CRJ100,7,1238,2013-01-01,ED
Bombardier,CRJ100,8,1239,2014-01-01,ED
Bombardier,CRJ100,9,1240,2015-01-01,ED
Bombardier,CRJ100,10,1241,2016-01-01,ED
Bombardier,CRJ100,11,1242,2000-01-01,ED
Bombardier,CRJ100,12,1243,2001-01-01,ED
Bombardier,CRJ200,1,1244,2002-01-01,ED
Bombardier,CRJ200,2,1245,2003-01-01,ED
Bombardier,CRJ200,3,1246,2004-01-01,ED
Bombardier,CRJ200,4,1247,2005-01-01,EF
Bombardier,CRJ200,5,1248,2006-01-01,EF
Bombardier,CRJ200,6,1249,2007-01-01,EF
Bombardier,CRJ200,7,1250,2008-01-01,EF
Bombardier,CRJ200,8,1251,2009-01-01,EF
Bombardier,CRJ200,9,1252,2010-01-01,EF
Bombardier,CRJ200,10,1253,2011-01-01,EF
Bombardier,CRJ200,11,1254,2012-01-01,EF
Bombardier,CRJ700,1,1255,2013-01-01,EF
Bombardier,CRJ700,2,1256,2014-01-01,EF
Bombardier,CRJ700,3,1257,2015-01-01,EF
Bombardier,CRJ700,4,1258,2016-01-01,EG
Bombardier,CRJ700,5,1259,2000-01-01,EG
Bombardier,CRJ700,6,1260,2001-01-01,EG
Bombardier,CRJ700,7,1261,2002-01-01,EG
Bombardier,CRJ700,8,1262,2003-01-01,EG
Bombardier,CRJ700,9,1263,2004-01-01,EG
Bombardier,CRJ700,10,1264,2005-01-01,EG
Bombardier,CRJ700,11,1265,2006-01-01,EG
Bombardier,CRJ700,12,1266,2007-01-01,EG
Bombardier,CRJ700,13,1267,2008-01-01,EG
Bombardier,CRJ700,14,1268,2009-01-01,EG
Bombardier,CRJ900,1,1269,2010-01-01,EH
Bombardier,CRJ900,2,1270,2011-01-01,EH
Bombardier,CRJ900,3,1271,2012-01-01,EH
Bombardier,CRJ900,4,1272,2013-01-01,EH
Bombardier,CRJ900,5,1273,2014-01-01,EH
Bombardier,CRJ900,6,1274,2015-01-01,EH
Bombardier,CRJ900,7,1275,2016-01-01,EH
Bombardier,CRJ900,8,1276,2000-01-01,EH
Bombardier,CRJ900,9,1277,2001-01-01,EH
Bombardier,CRJ900,10,1278,2002-01-01,EI
Bombardier,CRJ900,11,1279,2003-01-01,EI
Bombardier,CRJ900,12,1280,2004-01-01,EI
Bombardier,CRJ900,13,1281,2005-01-01,EI
Bombardier,CRJ1000,1,1282,2006-01-01,EI
Bombardier,CRJ1000,2,1283,2007-01-01,EI
Bombardier,CRJ1000,3,1284,2008-01-01,EI
Bombardier,CRJ1000,4,1285,2009-01-01,EI
Bombardier,CRJ1000,5,1286,2010-01-01,EI
Bombardier,CRJ1000,6,1287,2011-01-01,EI
Bombardier,CRJ1000,7,1288,2012-01-01,EI
Bombardier,CRJ1000,8,1289,2013-01-01,EI
Bombardier,CRJ1000,9,1290,2014-01-01,EJ
Bombardier,CRJ1000,10,1291,2015-01-01,EJ
Bombardier,CRJ1000,11,1292,2016-01-01,EJ
Bombardier,CRJ1000,12,1293,2000-01-01,EJ
Bombardier,CSeries,1,1294,2001-01-01,EJ
Bombardier,CSeries,2,1295,2002-01-01,EJ
Bombardier,CSeries,3,1296,2003-01-01,EJ
Bombardier,CSeries,4,1297,2004-01-01,EJ
Bombardier,CSeries,5,1298,2005-01-01,EJ
Bombardier,CSeries,6,1299,2006-01-01,EK
Bombardier,CSeries,7,1300,2007-01-01,EK
Bombardier,CSeries,8,1301,2008-01-01,EK
Bombardier,CSeries,9,1302,2009-01-01,EK
Bombardier,CSeries,10,1303,2010-01-01,EK
Bombardier,CSeries,11,1304,2011-01-01,EK
Bombardier,CSeries,12,1305,2012-01-01,EK
Bombardier,CSeries,13,1306,2013-01-01,EK
Bombardier,CSeries,14,1307,2014-01-01,EK
Bombardier,CSeries,15,1308,2015-01-01,EK
Bombardier,CSeries,16,1309,2016-01-01,EL
Embraer,EMB 110 Banderiante,1,1310,2000-01-01,EL
Embraer,EMB 110 Banderiante,2,1311,2001-01-01,EL
Embraer,EMB 110 Banderiante,3,1312,2002-01-01,EL
Embraer,EMB 110 Banderiante,4,1313,2003-01-01,EL
Embraer,EMB 110 Banderiante,5,1314,2004-01-01,EL
Embraer,EMB 110 Banderiante,6,1315,2005-01-01,EL
Embraer,EMB 110 Banderiante,7,1316,2006-01-01,EL
Embraer,EMB 110 Banderiante,8,1317,2007-01-01,EL
Embraer,EMB 110 Banderiante,9,1318,2008-01-01,EM
Embraer,EMB 110 Banderiante,10,1319,2009-01-01,EM
Embraer,EMB 110 Banderiante,11,1320,2010-01-01,EM
Embraer,EMB 110 Banderiante,12,1321,2011-01-01,EM
Embraer,EMB 110 Banderiante,13,1322,2012-01-01,EM
Embraer,EMB 110 Banderiante,14,1323,2013-01-01,EM
Embraer,EMB 120 Brasilia,1,1324,2014-01-01,EM
Embraer,EMB 120 Brasilia,2,1325,2015-01-01,EM
Embraer,EMB 120 Brasilia,3,1326,2016-01-01,EM
Embraer,EMB 120 Brasilia,4,1327,2000-01-01,EM
Embraer,EMB 120 Brasilia,5,1328,2001-01-01,EN
Embraer,EMB 120 Brasilia,6,1329,2002-01-01,EN
Embraer,EMB 120 Brasilia,7,1330,2003-01-01,EN
Embraer,EMB 120 Brasilia,8,1331,2004-01-01,EN
Embraer,EMB 120 Brasilia,9,1332,2005-01-01,EN
Embraer,EMB 120 Brasilia,10,1333,2006-01-01,EN
Embraer,EMB 120 Brasilia,11,1334,2007-01-01,EN
Embraer,EMB 120 Brasilia,12,1335,2008-01-01,EN
Embraer,EMB 120 Brasilia,13,1336,2009-01-01,EN
Embraer,Embraer 195-E2,1,1337,2010-01-01,EO
Embraer,Embraer 195-E2,2,1338,2011-01-01,EO
Embraer,Embraer 195-E2,3,1339,2012-01-01,EO
Embraer,Embraer 195-E2,4,1340,2013-01-01,EO
Embraer,Embraer 195-E2,5,1341,2014-01-01,EO
Embraer,Embraer 195-E2,6,1342,2015-01-01,EO
Embraer,Embraer 195-E2,7,1343,2016-01-01,EO
Embraer,Embraer 195-E2,8,1344,2000-01-01,EO
Embraer,Embraer 195-E2,9,1345,2001-01-01,EO
Embraer,Embraer 195-E2,10,1346,2002-01-01,EP
Embraer,Embraer 195-E2,11,1347,2003-01-01,EP
Embraer,Embraer 195-E2,12,1348,2004-01-01,EP
Embraer,Embraer 190-E14,1,1349,2005-01-01,EP
Embraer,Embraer 190-E15,2,1350,2006-01-01,EP
Embraer,Embraer 190-E16,3,1351,2007-01-01,EP
Embraer,Embraer 190-E17,4,1352,2008-01-01,EP
Embraer,Embraer 190-E18,5,1353,2009-01-01,EP
Embraer,Embraer 190-E19,6,1354,2010-01-01,EP
Embraer,Embraer 190-E20,7,1355,2011-01-01,EP
Embraer,Embraer 190-E21,8,1356,2012-01-01,EQ
Embraer,Embraer 190-E22,9,1357,2013-01-01,EQ
Embraer,Embraer 190-E23,10,1358,2014-01-01,EQ
Embraer,Embraer 190-E24,11,1359,2015-01-01,EQ
Embraer,Embraer 190-E25,12,1360,2016-01-01,EQ
Embraer,Embraer 190-E26,13,1361,2000-01-01,EQ
Embraer,Embraer 175-E2,1,1362,2001-01-01,EQ
Embraer,Embraer 175-E2,2,1363,2002-01-01,EQ
Embraer,Embraer 175-E2,3,1364,2003-01-01,EQ
Embraer,Embraer 175-E2,4,1365,2004-01-01,EQ
Embraer,Embraer 175-E2,5,1366,2005-01-01,EQ
Embraer,Embraer 175-E2,6,1367,2006-01-01,ER
Embraer,Embraer 175-E2,7,1368,2007-01-01,ER
Embraer,Embraer 175-E2,8,1369,2008-01-01,ER
Embraer,Embraer 175-E2,9,1370,2009-01-01,ER
Embraer,Embraer 175-E2,10,1371,2010-01-01,ER
Embraer,Embraer 175-E2,11,1372,2011-01-01,ER
Embraer,Embraer 175-E2,12,1373,2012-01-01,ER
Embraer,Embraer 175-E2,13,1374,2013-01-01,ER
Embraer,Embraer 175-E2,14,1375,2014-01-01,ER
Embraer,Embraer 175-E2,15,1376,2015-01-01,ER
Embraer,Embraer 175-E2,16,1377,2016-01-01,ER
Embraer,Embraer ERJ 135,1,1378,2000-01-01,ES
Embraer,Embraer ERJ 135,2,1379,2001-01-01,ES
Embraer,Embraer ERJ 135,3,1380,2002-01-01,ES
Embraer,Embraer ERJ 135,4,1381,2003-01-01,ES
Embraer,Embraer ERJ 135,5,1382,2004-01-01,ES
Embraer,Embraer ERJ 135,6,1383,2005-01-01,ES
Embraer,Embraer ERJ 135,7,1384,2006-01-01,ES
Embraer,Embraer ERJ 135,8,1385,2007-01-01,ES
Embraer,Embraer ERJ 135,9,1386,2008-01-01,ES
Embraer,Embraer ERJ 135,10,1387,2009-01-01,ES
Embraer,Embraer ERJ 140,1,1388,2010-01-01,ET
Embraer,Embraer ERJ 140,2,1389,2011-01-01,ET
Embraer,Embraer ERJ 140,3,1390,2012-01-01,ET
Embraer,Embraer ERJ 140,4,1391,2013-01-01,ET
Embraer,Embraer ERJ 140,5,1392,2014-01-01,ET
Embraer,Embraer ERJ 140,6,1393,2015-01-01,ET
Embraer,Embraer ERJ 140,7,1394,2016-01-01,ET
Embraer,Embraer ERJ 140,8,1395,2000-01-01,ET
Embraer,Embraer ERJ 140,9,1396,2001-01-01,ET
Embraer,Embraer ERJ 140,10,1397,2002-01-01,EU
Embraer,Embraer ERJ 140,11,1398,2003-01-01,EU
Embraer,Embraer ERJ 145,1,1399,2004-01-01,EU
Embraer,Embraer ERJ 145,2,1400,2005-01-01,EU
Embraer,Embraer ERJ 145,3,1401,2006-01-01,EU
Embraer,Embraer ERJ 145,4,1402,2007-01-01,EU
Embraer,Embraer ERJ 145,5,1403,2008-01-01,EU
Embraer,Embraer ERJ 145,6,1404,2009-01-01,EU
Tupoloev,Tu-104 "Camel",1,1405,2010-01-01,EV
Tupoloev,Tu-104 "Camel",2,1406,2011-01-01,EV
Tupoloev,Tu-104 "Camel",3,1407,2012-01-01,EV
Tupoloev,Tu-104 "Camel",4,1408,2013-01-01,EV
Tupoloev,Tu-104 "Camel",5,1409,2014-01-01,EV
Tupoloev,Tu-104 "Camel",6,1410,2015-01-01,EV
Tupoloev,Tu-104 "Camel",7,1411,2016-01-01,EV
Tupoloev,Tu-104 "Camel",8,1412,2000-01-01,EV
Tupoloev,Tu-104 "Camel",9,1413,2001-01-01,EW
Tupoloev,Tu-104 "Camel",10,1414,2002-01-01,EW
Tupoloev,Tu-104 "Camel",11,1415,2003-01-01,EW
Tupoloev,Tu-104 "Camel",12,1416,2004-01-01,EW
Tupoloev,Tu-104 "Camel",13,1417,2005-01-01,EW
Tupoloev,Tu-104 "Camel",14,1418,2006-01-01,EW
Tupoloev,Tu-104 "Camel",15,1419,2007-01-01,EW
Tupoloev,Tu-104 "Camel",16,1420,2008-01-01,EW
Tupoloev,Tu-114 Rossiya "Cleat",1,1421,2009-01-01,EW
Tupoloev,Tu-114 Rossiya "Cleat",2,1422,2010-01-01,EW
Tupoloev,Tu-114 Rossiya "Cleat",3,1423,2011-01-01,EW
Tupoloev,Tu-114 Rossiya "Cleat",4,1424,2012-01-01,EW
Tupoloev,Tu-114 Rossiya "Cleat",5,1425,2013-01-01,EX
Tupoloev,Tu-114 Rossiya "Cleat",6,1426,2014-01-01,EX
Cessna,172,1,1427,2015-01-01,EX
Cessna,172,2,1428,2016-01-01,EX
Cessna,172,3,1429,2000-01-01,EX
Cessna,172,4,1430,2001-01-01,EX
Cessna,172,5,1431,2002-01-01,EX
Cessna,172,6,1432,2003-01-01,EX
Cessna,172,7,1433,2004-01-01,EX
Cessna,172,8,1434,2005-01-01,EY
Cessna,172,9,1435,2006-01-01,EY
Cessna,172,10,1436,2007-01-01,EY
Cessna,172,11,1437,2008-01-01,EY
Cessna,172,12,1438,2009-01-01,EY
Cessna,172,13,1439,2010-01-01,EY
Cessna,172,14,1440,2011-01-01,EY
Cessna,172,15,1441,2012-01-01,EY
Cessna,172,16,1442,2013-01-01,EZ
Cessna,172,17,1443,2014-01-01,EZ
Cessna,172,18,1444,2015-01-01,EZ
Cessna,182,1,1445,2016-01-01,EZ
Cessna,182,2,1446,2000-01-01,EZ
Cessna,182,3,1447,2001-01-01,EZ
Cessna,182,4,1448,2002-01-01,EZ
Cessna,182,5,1449,2003-01-01,EZ
Cessna,182,6,1450,2004-01-01,EZ
Cessna,182,7,1451,2005-01-01,EZ
Cessna,182,8,1452,2006-01-01,EZ
Cessna,182,9,1453,2007-01-01,FA
Cessna,182,10,1454,2008-01-01,FA
Cessna,182,11,1455,2009-01-01,FA
Cessna,182,12,1456,2010-01-01,FA
Cessna,182,13,1457,2011-01-01,FA
Cessna,182,14,1458,2012-01-01,FA
Cessna,182,15,1459,2013-01-01,FA
Cessna,182,16,1460,2014-01-01,FA
Cessna,182,17,1461,2015-01-01,FA
Cessna,182,18,1462,2016-01-01,FA
Cessna,182,19,1463,2000-01-01,FA
Cessna,206,1,1464,2001-01-01,FA
Cessna,206,2,1465,2002-01-01,FA
Cessna,206,3,1466,2003-01-01,FA
Cessna,206,4,1467,2004-01-01,FB
Cessna,206,5,1468,2005-01-01,FB
Cessna,206,6,1469,2006-01-01,FB
Cessna,206,7,1470,2007-01-01,FB
Cessna,206,8,1471,2008-01-01,FB
Cessna,206,9,1472,2009-01-01,FB
Cessna,206,10,1473,2010-01-01,FB
Cessna,206,11,1474,2011-01-01,FB
Cessna,206,12,1475,2012-01-01,FB
Cessna,206,13,1476,2013-01-01,FB
Cessna,206,14,1477,2014-01-01,FC
Cessna,206,15,1478,2015-01-01,FC
Cessna,206,16,1479,2016-01-01,FC
Cessna,208,1,1480,2000-01-01,FC
Cessna,208,2,1481,2001-01-01,FC
Cessna,208,3,1482,2002-01-01,FC
Cessna,208,4,1483,2003-01-01,FC
Cessna,208,5,1484,2004-01-01,FD
Cessna,208,6,1485,2005-01-01,FD
Cessna,208,7,1486,2006-01-01,FD
Cessna,208,8,1487,2007-01-01,FD
Cessna,208,9,1488,2008-01-01,FD
Cessna,208,10,1489,2009-01-01,FD
Cessna,208,11,1490,2010-01-01,FD
Cessna,208,12,1491,2011-01-01,FD
Cessna,208,13,1492,2012-01-01,FD
Cessna,208,14,1493,2013-01-01,FD
Cessna,400,1,1494,2014-01-01,FD
Cessna,400,2,1495,2015-01-01,FE
Cessna,400,3,1496,2016-01-01,FE
Cessna,400,4,1497,2000-01-01,FE
Cessna,400,5,1498,2001-01-01,FE
Cessna,400,6,1499,2002-01-01,FE
Cessna,400,7,1500,2003-01-01,FE
Cessna,400,8,1501,2004-01-01,FE
Cessna,400,9,1502,2005-01-01,FE
Cessna,400,10,1503,2006-01-01,FE
Cessna,400,11,1504,2007-01-01,FG
Cessna,400,12,1505,2008-01-01,FG
Cessna,400,13,1506,2009-01-01,FG
Cessna,400,14,1507,2010-01-01,FG
Cessna,400,15,1508,2011-01-01,FG
Cessna,510,1,1509,2012-01-01,FG
Cessna,510,2,1510,2013-01-01,FG
Cessna,510,3,1511,2014-01-01,FG
Cessna,510,4,1512,2015-01-01,FG
Cessna,510,5,1513,2016-01-01,FG
Cessna,510,6,1514,2000-01-01,FG
Cessna,510,7,1515,2001-01-01,FH
Cessna,510,8,1516,2002-01-01,FH
Cessna,510,9,1517,2003-01-01,FH
Cessna,510,10,1518,2004-01-01,FH
Cessna,510,11,1519,2005-01-01,FH
Cessna,510,12,1520,2006-01-01,FH
Cessna,525,1,1521,2007-01-01,FH
Cessna,525,2,1522,2008-01-01,FH
Cessna,525,3,1523,2009-01-01,FH
Cessna,525,4,1524,2010-01-01,FI
Cessna,525,5,1525,2011-01-01,FI
Cessna,525,6,1526,2012-01-01,FI
Cessna,525,7,1527,2013-01-01,FI
Cessna,525,8,1528,2014-01-01,FI
Cessna,525,9,1529,2015-01-01,FI
Cessna,525,10,1530,2016-01-01,FI
Cessna,525,11,1531,2016-01-01,FI
Cessna,525,12,1532,2000-01-01,FJ
Cessna,525,13,1533,2001-01-01,FJ
Cessna,525,14,1534,2002-01-01,FJ
Cessna,560XL,1,1535,2003-01-01,FJ
Cessna,560XL,2,1536,2004-01-01,FJ
Cessna,560XL,3,1537,2005-01-01,FJ
Cessna,560XL,4,1538,2006-01-01,FJ
Cessna,560XL,5,1539,2007-01-01,FJ
Cessna,560XL,6,1540,2008-01-01,FJ
Cessna,560XL,7,1541,2009-01-01,FJ
Cessna,560XL,8,1542,2010-01-01,FK
Cessna,560XL,9,1543,2011-01-01,FK
Cessna,560XL,10,1544,2012-01-01,FK
Cessna,560XL,11,1545,2013-01-01,FK
Cessna,560XL,12,1546,2014-01-01,FK
Cessna,560XL,13,1547,2015-01-01,FK
Cessna,560XL,14,1548,2016-01-01,FK
Cessna,680,1,1549,2000-01-01,FK
Cessna,680,2,1550,2001-01-01,FK
Cessna,680,3,1551,2002-01-01,FK
Cessna,680,4,1552,2003-01-01,FK
Cessna,680,5,1553,2004-01-01,FL
Cessna,680,6,1554,2005-01-01,FL
Cessna,680,7,1555,2006-01-01,FL
Cessna,680,8,1556,2007-01-01,FL
Cessna,680,9,1557,2008-01-01,FL
Cessna,680,10,1558,2009-01-01,FL
Cessna,680,11,1559,2010-01-01,FL
Cessna,680,12,1560,2011-01-01,FL
Cessna,680,13,1561,2012-01-01,FL
Cessna,680,14,1562,2013-01-01,FM
Cessna,750,1,1563,2014-01-01,FM
Cessna,750,2,1564,2015-01-01,FM
Cessna,750,3,1565,2016-01-01,FM
Cessna,750,4,1566,2000-01-01,FM
Cessna,750,5,1567,2001-01-01,FM
Cessna,750,6,1568,2002-01-01,FM
Cessna,750,7,1569,2003-01-01,FM
Cessna,750,8,1570,2004-01-01,FM
Cessna,750,9,1571,2005-01-01,FM
Cessna,750,10,1572,2006-01-01,FM
